{
    "packageId": "101",
    "version": "18121001",
    "pageConfigs": [
        {
            "pageUrl": "vn://index/index",
            "launchMode": "singleTask"
        },
        {
            "pageUrl": "vn://test-case-vnml/common-event/common-event",
            "orientation": "auto"
        },
        {
            "pageUrl": "vn://test-case-js/vn-window/vn-window",
            "orientation": "auto",
            "mode": "fullscreen"
        }
    ],
    "usingcomponents": {
        "custom-component": "/test-case-vnml/custom-component/custom-component",
        "divider": "/test-case-vnml/custom-component/divider/divider",
        "console-list": "/test-case-vnml/custom-component/console-list/console-list"
    }
}