{
  "packageId": "38",
  "version": "17120519",
  "pageConfigs": [
    {
      "pageUrl": "vn://edittext/publish",
      "orientation": "portrait",
      "style": "dialog"
    },
    {
      "pageUrl": "vn://setting/setting",
      "orientation": "auto",
      "style": "dialog"
    },
    {
      "pageUrl": "vn://list_event/list_event",
      "orientation": "auto"
    }
    ,
    {
      "pageUrl": "vn://page_style/normal",
      "mode":"normal",
      "orientation": "auto",
      "backgroundColor":"#333333",
      "statusBarContentStyle": "light"
    }
    ,
    {
      "pageUrl": "vn://page_style/immersive",
      "mode":"immersive",
      "orientation": "auto",
      "statusBarContentStyle": "light"
    }
    ,
    {
      "pageUrl": "vn://page_style/fullscreen",
      "mode":"fullscreen",
      "orientation": "auto"
    }
  ]
}