{
    "page_title": "Animate Demo",
    "animationList":
    [
        {
            "name":"3D翻转动画",
            "animationObj":{
                "rotate_x":60,
                "rotate_y":60
            }
        },
        {
            "name":"alpha动画",
            "animationObj":{
                "alpha":0.5
            }
        },
        {
            "name":"变色动画",
            "animationObj":{
                "background_color":"#3498db"
            }
        },
        {
            "name":"中心旋转动画",
            "animationObj":{
                "rotation":360,
                "pivot_x":"50%",
                "pivot_y":"50%"
            }
        },
        {
            "name":"缩放动画",
            "animationObj":{
                "scale_x":1.5,
                "scale_y":1.5
            }
        },
        {
            "name":"X轴缩放动画",
            "animationObj":{
                "scale_x":1.5
            }
        },
        {
            "name":"Y轴缩放动画",
            "animationObj":{
                "scale_y":1.5
            }
        },
        {
            "name":"位移动画",
            "animationObj":{
                "translate_x":"30rpx",
                "translate_y":"60rpx"

            }
        },
        {
            "name":"X轴位移动画",
            "animationObj":{
                "translate_x":"30rpx"
            }
        },
        {
            "name":"Y轴位移动画",
            "animationObj":{
                "translate_y":"30rpx"
            }
        },
        {
            "name":"缓入缓出",
            "animationObj":{
                "rotation":360,
                "pivot_x":"50%",
                "pivot_y":"50%",
                "timingFunction":"ease-in-out",
                "duration":2000
            }
        },
        
        {
            "name":"Delay动画(1s)",
            "animationObj":{
                "translate_y":"60rpx",
                "delay":1000
            }
        },
        {
            "name":"duration持续事件(2s)",
            "animationObj":{
                "rotation":360,
                "pivot_x":"50%",
                "pivot_y":"50%",
                "duration":2000
            }
        },
        {
            "name":"重复2次",
            "animationObj":{
                "rotation":360,
                "pivot_x":"50%",
                "pivot_y":"50%",
                "duration":2000,
                "repeat_count":2
            }
        },
        {
            "name":"无限循环",
            "animationObj":{
                "rotation":360,
                "pivot_x":"50%",
                "pivot_y":"50%",
                "duration":2000,
                "repeat_count":-1
            }
        }
    ]
}