  {
	  "page_title":"list",
	  "views": [
		  {
			  "cellType": "text",
			  "text": "A",
			  "color": "white",
			  "background": "#1AAD19"
		  },

		  {
			  "cellType": "text",
			  "text": "B",
			  "color": "white",
			  "background": "#2782D8"
		  },

		  {
			  "cellType": "text",
			  "text": "C",
			  "color": "white",
			  "background": "#7A81FF"
		  },

		  {
			  "cellType": "text",
			  "text": "D",
			  "color": "white",
			  "background": "#D783FF"
		  },

		  {
			  "cellType": "text",
			  "text": "E",
			  "color": "white",
			  "background": "#009051"
		  },

		  {
			  "cellType": "text",
			  "text": "F",
			  "color": "white",
			  "background": "#929000"
		  },

		  {
			  "cellType": "text",
			  "text": "G",
			  "color": "white",
			  "background": "#945200"
		  },

		  {
			  "cellType": "text",
			  "text": "H",
			  "color": "white",
			  "background": "#941100"
		  },

		  {
			  "cellType": "text",
			  "text": "I",
			  "color": "black",
			  "background": "#F1F1F1"
		  },

		  {
			  "cellType": "text",
			  "text": "J",
			  "color": "black",
			  "background": "#A9A9A9"
		  },

		  {
			  "cellType": "text",
			  "text": "K",
			  "color": "black",
			  "background": "#929292"
		  },

		  {
			  "cellType": "text",
			  "text": "L",
			  "color": "white",
			  "background": "#797979"
		  },

		  {
			  "cellType": "text",
			  "text": "M",
			  "color": "white",
			  "background": "#212121"
		  },

		  {
			  "cellType": "text",
			  "text": "N",
			  "color": "black",
			  "background": "#FF7E79"
		  },

		  {
			  "cellType": "text",
			  "text": "O",
			  "color": "black",
			  "background": "#FFD479"
		  },

		  {
			  "cellType": "text",
			  "text": "P",
			  "color": "black",
			  "background": "#fffc79"
		  },

		  {
			  "cellType": "text",
			  "text": "Q",
			  "color": "black",
			  "background": "#ff9300"
		  },

		  {
			  "cellType": "text",
			  "text": "R",
			  "color": "white",
			  "background": "#005493"
		  },

		  {
			  "cellType": "text",
			  "text": "S",
			  "color": "white",
			  "background": "#531b93"
		  },

		  {
			  "cellType": "text",
			  "text": "T",
			  "color": "white",
			  "background": "#941751"
		  }
	  ]
  }