{
    "packageId": "100",
    "version": "18101001",
    "pageConfigs": [
        {
            "pageUrl": "vn://index/index",
            "launchMode": "singleTask"
        },
        {
            "pageUrl": "vn://test-case-vnml/common-event/common-event",
            "orientation": "auto"
        },
        {
            "pageUrl": "vn://test-case-vnml/camera/camera",
            "orientation": "auto"
        }
    ],
    "usingcomponents": {
        "custom-component": "/test-case-vnml/custom-component/custom-component",
        "divider": "/test-case-vnml/custom-component/divider/divider"
    }
}