{
    "page_title": "阴影",
    "shadowList":
    [
        {
            "boxShadow": "20rpx 20rpx #f1c40f inset",
            "discribe":"内阴影"
          },
          {
            "boxShadow": " 12rpx 12rpx 20rpx #3498db",
            "discribe":"外阴影加毛玻璃效果"
          },
          {
            "boxShadow": "0rpx 0rpx 0rpx 20rpx #1abc9c",
            "discribe":"外阴影扩散半径20rpx"
          },
          {
            "boxShadow": "0rpx 0rpx 20rpx 20rpx #2ecc71",
            "discribe":"外阴影扩散半径20rpx模糊20rpx"
          }
    ]
}