{
    "component_page_title": "以下将展示VN组件的能力，组件样式仅供参考，具体属性参数详见开发文档。",
    "component_show_index": -1,
    "components": [
        {
            "title": "视图容器",
            "icon": "kind/view.png",
            "items": [
                {
                    "name": "view",
                    "url": "../layout-pages/view"
                },
                {
                    "name": "scroll-view",
                    "url": "../layout-pages/scroll-view"
                },
                {
                    "name": "list",
                    "url": "../layout-pages/list"
                },
                {
                    "name": "view-pager",
                    "url": "../layout-pages/view-pager"
                }
            ]
        },
        {
            "title": "基础控件",
            "icon": "kind/content.png",
            "items": [
                {
                    "name": "text",
                    "url": "../comp-pages/text"
                },
                {
                    "name": "button",
                    "url": "../comp-pages/button"
                },
                {
                    "name": "image",
                    "url": "../comp-pages/image"
                },
                {
                    "name": "checkbox",
                    "url": "../comp-pages/checkbox"
                },
                {
                    "name": "input",
                    "url": "../comp-pages/input"
                },
                {
                    "name": "video",
                    "url": "../comp-pages/video"
                }
            ]
        },
        {
            "title": "导航",
            "icon": "kind/nav.png",
            "items": [
                {
                    "name": "navigate",
                    "url": "../comp-pages/nav"
                }
            ]
        },
        {
            "title": "通用属性",
            "icon": "kind/form.png",
            "items": [
                {
                    "name": "边框",
                    "url": "../comp-pages/border"
                },
                {
                    "name": "阴影",
                    "url": "../comp-pages/shadow"
                }
            ]
        },
        {
            "title": "基础接口",
            "icon": "kind/api.png",
            "items": [
                {
                    "name": "vn.dom",
                    "url": "../api-pages/vn-dom/dom-demo"
                },
                {
                    "name": "vn.window",
                    "url": "../api-pages/vn-window/window-demo"
                },
                {
                    "name": "vn.data",
                    "url": "../api-pages/vn-data/data-demo"
                },
                {
                    "name": "vn.app",
                    "url": "../api-pages/vn-app/app-demo"
                }
            ]
        },
        {
            "title": "网络请求",
            "icon": "kind/network.png",
            "items": [
                {
                    "name": "vn.request",
                    "url": "../api-pages/vn-request/request-demo"
                }
            ]
        },
        {
            "title": "数据",
            "icon": "kind/storage.png",
            "items": [
                {
                    "name": "vn.storage",
                    "url": "../api-pages/vn-storage/storage-demo"
                }
            ]
        },
        {
            "title": "动画",
            "icon": "kind/canvas.png",
            "items": [
                {
                    "name": "飞机动画",
                    "url": "../api-pages/vn-animate/airplane"
                },
                {
					"name": "小船动画",
					"url": "../api-pages/vn-animate/sceneAnimate"
				},
                {
                    "name": "Animate",
                    "url": "../api-pages/vn-animate/animate-demo"
                },
                {
                    "name": "2048",
                    "url": "../api-pages/vn-2048/2048-demo"
                }
            ]
        },
        {
            "title": "自定义组件",
            "icon": "kind/view.png",
            "items": [
                {
                    "name": "自定义组件",
                    "url": "../component/use-comp"
                }
            ]
        }
    ]
}